{"cameraMode":{"drawMode":0,"name":"Shaded","section":"Shading Mode"},"sceneLighting":false,"audioPlay":false,"sceneViewState":{"m_AlwaysRefresh":false,"showFog":true,"showSkybox":false,"showFlares":true,"showImageEffects":true,"showParticleSystems":true,"showVisualEffectGraphs":true,"m_FxEnabled":true},"in2DMode":false,"pivot":{"x":-0.22876441478729249,"y":0.9191009998321533,"z":-0.48109936714172366},"rotation":{"x":0.06223247945308685,"y":-0.9362956881523132,"z":0.2157735377550125,"w":0.2700432240962982},"size":1.4381929636001588,"orthographic":false}