{"cameraMode":{"drawMode":0,"name":"Shaded","section":"Shading Mode"},"sceneLighting":false,"audioPlay":false,"sceneViewState":{"m_AlwaysRefresh":false,"showFog":true,"showSkybox":false,"showFlares":true,"showImageEffects":true,"showParticleSystems":true,"showVisualEffectGraphs":true,"m_FxEnabled":true},"in2DMode":false,"pivot":{"x":-0.0004125833511352539,"y":0.8686367869377136,"z":-0.022442519664764406},"rotation":{"x":0.0822410136461258,"y":-0.9048599600791931,"z":0.204245463013649,"w":0.36434996128082278},"size":1.435964822769165,"orthographic":false}