{"cameraMode":{"drawMode":0,"name":"Shaded","section":"Shading Mode"},"sceneLighting":true,"audioPlay":false,"sceneViewState":{"m_AlwaysRefresh":false,"showFog":true,"showSkybox":true,"showFlares":true,"showImageEffects":true,"showParticleSystems":true,"showVisualEffectGraphs":true,"m_FxEnabled":true},"in2DMode":false,"pivot":{"x":931.0957641601563,"y":184.89877319335938,"z":239.6943817138672},"rotation":{"x":-0.31278443336486819,"y":0.45807310938835146,"z":0.17619051039218903,"w":0.8131993412971497},"size":139.31578063964845,"orthographic":false}