{"cameraMode":{"drawMode":0,"name":"Shaded","section":"Shading Mode"},"sceneLighting":false,"audioPlay":false,"sceneViewState":{"m_AlwaysRefresh":false,"showFog":false,"showSkybox":false,"showFlares":false,"showImageEffects":false,"showParticleSystems":false,"showVisualEffectGraphs":true,"m_FxEnabled":true},"in2DMode":false,"pivot":{"x":-0.20460903644561768,"y":0.4380704164505005,"z":-0.25097739696502688},"rotation":{"x":0.06860573589801789,"y":-0.930758535861969,"z":0.27117449045181277,"w":0.23547744750976563},"size":1.9276037216186524,"orthographic":false}