{"cameraMode":{"drawMode":0,"name":"Shaded","section":"Shading Mode"},"sceneLighting":false,"audioPlay":false,"sceneViewState":{"m_AlwaysRefresh":false,"showFog":true,"showSkybox":false,"showFlares":true,"showImageEffects":true,"showParticleSystems":true,"showVisualEffectGraphs":true,"m_FxEnabled":true},"in2DMode":false,"pivot":{"x":0.00011157989501953125,"y":0.873308002948761,"z":-0.03633435070514679},"rotation":{"x":0.17743663489818574,"y":-0.7195931673049927,"z":0.19915342330932618,"w":0.6411264538764954},"size":1.4364538192749024,"orthographic":false}