{"cameraMode":{"drawMode":0,"name":"Shaded","section":"Shading Mode"},"sceneLighting":false,"audioPlay":false,"sceneViewState":{"showFog":true,"showMaterialUpdate":false,"showSkybox":false,"showFlares":true,"showImageEffects":true,"showParticleSystems":true},"in2DMode":false,"pivot":{"x":0.08965426683425904,"y":1.4887080192565919,"z":0.5413113236427307},"rotation":{"x":0.011945747770369053,"y":-0.7902107834815979,"z":0.015411064960062504,"w":0.6125249266624451},"size":2.499734878540039,"orthographic":false}