{"cameraMode":{"drawMode":0,"name":"Shaded","section":"Shading Mode"},"sceneLighting":true,"audioPlay":false,"sceneViewState":{"showFog":true,"showMaterialUpdate":false,"showSkybox":true,"showFlares":true,"showImageEffects":true,"showParticleSystems":true},"in2DMode":false,"pivot":{"x":1.7740610837936402,"y":-0.977293074131012,"z":-1.3660968542099},"rotation":{"x":0.08264488726854325,"y":0.6725147366523743,"z":-0.07597873359918595,"w":0.7315196990966797},"size":9.052156448364258,"orthographic":false}