{"cameraMode":{"drawMode":0,"name":"Shaded","section":"Shading Mode"},"sceneLighting":false,"audioPlay":false,"sceneViewState":{"showFog":true,"showMaterialUpdate":false,"showSkybox":false,"showFlares":true,"showImageEffects":true,"showParticleSystems":true},"in2DMode":false,"pivot":{"x":6.7710490226745609,"y":1.503260850906372,"z":8.634283065795899},"rotation":{"x":0.0039545451290905479,"y":-0.9942818880081177,"z":0.09905803948640824,"w":0.039692558348178866},"size":6.809762954711914,"orthographic":false}